,variant,y_pred,y_actual,y_actual_scaled,y_actual_binary,dist_metric,std_predictions
31,S473K,2.5980598788143663,,,,,0.0
22,N487K,2.5879982928247967,,,,,0.0
28,Q499K,2.5831159471783467,,,,,0.0
11,E512L,2.3768080260273803,,,,,0.0
36,S75E,2.300977604348093,,,,,0.0
6,E47G,2.2967689250856616,,,,,0.0
9,E47S,2.255718380065788,,,,,0.0
10,E47T,2.2240681833604365,,,,,0.0
7,E47L,2.216471442905053,,,,,0.0
18,K504Y,2.1391850087511175,,,,,0.0
8,E47Q,2.1163004260423315,,,,,0.0
34,S50G,2.0443430078161735,,,,,0.0
33,S473R,2.028358398919111,,,,,0.0
12,E89S,1.9616041471437078,,,,,0.0
37,S75T,1.929175749890016,,,,,0.0
32,S473L,1.900585956688557,,,,,0.0
42,Y498Q,1.8245567279965957,,,,,0.0
39,T485R,1.8209111352585086,,,,,0.0
23,N487R,1.7435466913375652,,,,,0.0
17,K33R,1.7338007532827067,,,,,0.0
40,T91A,1.5814136740564277,,,,,0.0
41,WT Wild-type sequence,1.5113543038257544,,,,,0.0
25,Q122R,1.4725363385868981,,,,,0.0
