,variant,y_pred,y_actual,y_actual_scaled,y_actual_binary,dist_metric,std_predictions
0,D58M,4.824770660248819,6.97315097222911,1.0,1.0,0.04279818105872567,0.0
1,D58Q,3.53196483072019,3.93647965473942,0.5388905106628136,1.0,0.05610510242854149,0.0
2,D58H,3.02175567160818,3.35634912226609,0.450799418275896,1.0,0.04733066264760093,0.0
3,Q499G,2.9010614817103244,3.41967390685027,0.4604150980874789,1.0,0.10268027307850905,0.0
4,D58S,2.89940832831649,,,,,0.0
5,E47S,2.8931563303790075,,,,,0.0
6,D58A,2.848719162826742,,,,,0.0
7,E47T,2.817028601602554,,,,,0.0
8,E47L,2.7374536267872345,,,,,0.0
9,Y501R,2.70221638459553,,,,,0.0
10,G542R,2.6079129128555314,,,,,0.0
11,G526A,2.568484163601222,,,,,0.0
12,K504Y,2.538618587051171,,,,,0.0
13,E47G,2.483294702567445,,,,,0.0
14,E47Q,2.4768318685650392,,,,,0.0
15,R39V,2.3417325634748494,,,,,0.0
16,K507R,2.3080024914412847,,,,,0.0
17,S50G,2.3076625306669825,,,,,0.0
18,N487K,2.246875082145028,,,,,0.0
19,Q499K,2.241630021019112,,,,,0.0
20,N487R,2.2378183212781853,,,,,0.0
21,S473K,2.200096738338991,,,,,0.0
22,T485R,2.145637633241037,,,,,0.0
23,E512L,2.1451505294785913,,,,,0.0
24,S75E,2.090653414791356,,,,,0.0
25,K33R,2.0828814947161978,,,,,0.0
26,D58G,2.0415789362476615,,,,,0.0
27,Y498Q,2.037606237743384,,,,,0.0
28,P42R,1.9524573175592916,,,,,0.0
29,Q122R,1.9131351943714259,,,,,0.0
30,R39N,1.9043117972739705,,,,,0.0
31,S473R,1.8539305200800302,,,,,0.0
32,E89S,1.8265008513953012,,,,,0.0
33,I510Y,1.801346418439916,,,,,0.0
34,S473L,1.7811154685804171,,,,,0.0
35,S75T,1.7497714236896456,,,,,0.0
36,T91A,1.706196819675654,,,,,0.0
37,Q40G,1.6421623535452747,1.0594983097788,0.10202946772845362,1.0,0.10053768179050351,0.0
38,WT Wild-type sequence,1.539146471447237,,,,,0.0
39,T479K,1.4555449125077957,0.549737918395414,0.024623871541168695,0.0,0.07248223197750112,0.0
40,K76R,1.440107558873202,0.618332116050732,0.035039696023116476,0.0,0.05643084813468044,0.0
41,G519E,1.1978960790705786,1.10548185023864,0.10901193130204868,1.0,0.07900840874508312,0.0
42,S529A,1.0779441243882697,0.570665121502648,0.02780160496343758,0.0,0.06638965403681163,0.0
43,L509F,1.0490338963147174,0.387575555304381,0.0,0.0,0.07612959650446718,0.0
