,variant,y_pred,y_actual,y_actual_scaled,y_actual_binary,dist_metric,std_predictions
5,D58S,2.89940832831649,,,,,0.0
9,E47S,2.8931563303790075,,,,,0.0
0,D58A,2.848719162826742,,,,,0.0
10,E47T,2.817028601602554,,,,,0.0
7,E47L,2.7374536267872345,,,,,0.0
43,Y501R,2.70221638459553,,,,,0.0
15,G542R,2.6079129128555314,,,,,0.0
14,G526A,2.568484163601222,,,,,0.0
18,K504Y,2.538618587051171,,,,,0.0
6,E47G,2.483294702567445,,,,,0.0
8,E47Q,2.4768318685650392,,,,,0.0
30,R39V,2.3417325634748494,,,,,0.0
19,K507R,2.3080024914412847,,,,,0.0
34,S50G,2.3076625306669825,,,,,0.0
22,N487K,2.246875082145028,,,,,0.0
28,Q499K,2.241630021019112,,,,,0.0
23,N487R,2.2378183212781853,,,,,0.0
31,S473K,2.200096738338991,,,,,0.0
39,T485R,2.145637633241037,,,,,0.0
11,E512L,2.1451505294785913,,,,,0.0
36,S75E,2.090653414791356,,,,,0.0
17,K33R,2.0828814947161978,,,,,0.0
1,D58G,2.0415789362476615,,,,,0.0
42,Y498Q,2.037606237743384,,,,,0.0
24,P42R,1.9524573175592916,,,,,0.0
25,Q122R,1.9131351943714259,,,,,0.0
29,R39N,1.9043117972739705,,,,,0.0
33,S473R,1.8539305200800302,,,,,0.0
12,E89S,1.8265008513953012,,,,,0.0
16,I510Y,1.801346418439916,,,,,0.0
32,S473L,1.7811154685804171,,,,,0.0
37,S75T,1.7497714236896456,,,,,0.0
40,T91A,1.706196819675654,,,,,0.0
41,WT Wild-type sequence,1.539146471447237,,,,,0.0
