,variant,y_pred,y_actual,y_actual_scaled,y_actual_binary,dist_metric,std_predictions
36,S75E,4.523886053332405,,,,,0.0
28,Q499K,4.147672178836752,,,,,0.0
34,S50G,4.124856046228513,,,,,0.0
40,T91A,3.818505096507663,,,,,0.0
32,S473L,3.407169636418636,,,,,0.0
11,E512L,3.39950529891686,,,,,0.0
12,E89S,2.915710397707922,,,,,0.0
25,Q122R,2.8131571029281766,,,,,0.0
31,S473K,2.7759761748136693,,,,,0.0
37,S75T,2.73024481139547,,,,,0.0
22,N487K,2.465211398727599,,,,,0.0
41,WT Wild-type sequence,1.1528347480299217,,,,,0.0
